{"accuracy": [0.49166667461395264, 0.648888885974884, 0.8022222518920898, 0.879444420337677, 0.9377777576446533, 0.9433333277702332, 0.9622222185134888, 0.9655555486679077, 0.9855555295944214, 0.980555534362793, 0.9877777695655823, 0.9872221946716309, 0.9888888597488403, 0.995555579662323, 0.9961110949516296, 0.995555579662323, 0.9944444298744202, 0.9972222447395325, 0.9961110949516296, 0.995555579662323, 1.0, 0.9961110949516296, 0.9983333349227905, 0.9988889098167419, 0.9988889098167419, 0.9894444346427917, 0.9944444298744202, 0.9977777600288391, 0.996666669845581, 0.9988889098167419, 0.9988889098167419, 0.9988889098167419, 0.9827777743339539, 0.9933333396911621, 0.9994444251060486, 0.9994444251060486, 1.0, 0.9977777600288391, 1.0, 0.9961110949516296, 0.9977777600288391, 0.9983333349227905, 1.0, 1.0, 0.9994444251060486, 0.9983333349227905, 0.995555579662323, 0.9994444251060486, 0.995555579662323, 0.9977777600288391, 0.9900000095367432, 0.9950000047683716, 0.9977777600288391, 0.9938889145851135, 0.9977777600288391, 0.9994444251060486, 1.0, 1.0, 0.9994444251060486, 0.9994444251060486, 1.0, 0.9994444251060486, 1.0, 1.0, 1.0, 1.0, 1.0, 1.0, 1.0, 1.0, 1.0, 1.0, 1.0, 1.0, 1.0, 1.0, 0.9994444251060486, 0.9861111044883728], "loss": [1.0197721719741821, 0.7858141660690308, 0.5398392081260681, 0.38675838708877563, 0.25811490416526794, 0.21997326612472534, 0.17218056321144104, 0.15495043992996216, 0.10141236335039139, 0.09604183584451675, 0.08196570724248886, 0.07188133150339127, 0.05244544520974159, 0.046481043100357056, 0.03570151701569557, 0.03473998233675957, 0.037621885538101196, 0.02630504220724106, 0.03073209710419178, 0.023999687284231186, 0.017198840156197548, 0.02560664713382721, 0.015601476654410362, 0.01406062301248312, 0.014672501012682915, 0.04559333249926567, 0.026868406683206558, 0.018477989360690117, 0.018003780394792557, 0.012461096048355103, 0.01144217886030674, 0.012124335393309593, 0.06485021114349365, 0.030857104808092117, 0.011379202827811241, 0.0089785261079669, 0.008025499060750008, 0.008486125618219376, 0.005450901109725237, 0.02020907588303089, 0.010690003633499146, 0.008191829547286034, 0.004663313273340464, 0.004871544893831015, 0.004165705759078264, 0.007594834081828594, 0.01814311370253563, 0.005153056234121323, 0.012630639597773552, 0.012657520361244678, 0.036594878882169724, 0.018220245838165283, 0.015640554949641228, 0.01942294090986252, 0.011975335888564587, 0.006456118077039719, 0.0034195634070783854, 0.0033492576330900192, 0.004348980262875557, 0.003536997828632593, 0.003368753008544445, 0.004167711362242699, 0.0033417970407754183, 0.002371907699853182, 0.0013697651447728276, 0.002559524029493332, 0.0027810123283416033, 0.0020102292764931917, 0.0018610558472573757, 0.001291371532715857, 0.0019753866363316774, 0.0013842019252479076, 0.0010593541665002704, 0.0008703925414010882, 0.0009796425001695752, 0.0012641572393476963, 0.0034942724741995335, 0.045976828783750534], "val_accuracy": [0.31333333253860474, 0.3033333420753479, 0.31333333253860474, 0.30666667222976685, 0.30000001192092896, 0.3083333373069763, 0.2983333468437195, 0.3016666769981384, 0.29499998688697815, 0.6100000143051147, 0.5566666722297668, 0.5333333611488342, 0.778333306312561, 0.33666667342185974, 0.503333330154419, 0.6133333444595337, 0.5883333086967468, 0.4566666781902313, 0.43166667222976685, 0.6166666746139526, 0.4233333468437195, 0.6349999904632568, 0.6650000214576721, 0.5199999809265137, 0.9483333230018616, 0.36000001430511475, 0.3683333396911621, 0.5233333110809326, 0.7599999904632568, 0.6783333420753479, 0.7616666555404663, 0.4633333384990692, 0.31333333253860474, 0.628333330154419, 0.9399999976158142, 0.903333306312561, 0.8233333230018616, 0.7516666650772095, 0.8349999785423279, 0.4650000035762787, 0.4000000059604645, 0.9900000095367432, 0.7316666841506958, 0.5633333325386047, 0.6116666793823242, 0.4183333218097687, 0.6783333420753479, 0.8149999976158142, 0.5066666603088379, 0.36666667461395264, 0.4566666781902313, 0.3616666793823242, 0.6183333396911621, 0.5416666865348816, 0.949999988079071, 0.9583333134651184, 0.7283333539962769, 0.9983333349227905, 0.9866666793823242, 0.43166667222976685, 0.4216666519641876, 0.9800000190734863, 0.6499999761581421, 0.6366666555404663, 0.8349999785423279, 0.6666666865348816, 0.6549999713897705, 0.9733333587646484, 0.9833333492279053, 0.9816666841506958, 0.8450000286102295, 0.7549999952316284, 0.9983333349227905, 0.9449999928474426, 0.9583333134651184, 0.9700000286102295, 0.9683333039283752, 0.6000000238418579], "val_loss": [1.1157764196395874, 1.3250775337219238, 1.584951639175415, 2.427567481994629, 4.2305707931518555, 4.648641586303711, 3.363009452819824, 8.03256607055664, 5.711558818817139, 1.2097809314727783, 1.2675613164901733, 3.3861093521118164, 0.8019585609436035, 5.557779788970947, 1.9676179885864258, 3.834348201751709, 3.9703006744384766, 4.275518894195557, 6.53590726852417, 2.1738789081573486, 2.878227472305298, 5.901261329650879, 2.0675227642059326, 6.864681720733643, 0.12202565371990204, 13.0746431350708, 9.81688117980957, 1.393789529800415, 0.9390959739685059, 3.103030204772949, 0.8337960839271545, 7.844377517700195, 3.9148612022399902, 5.321841239929199, 0.1676187962293625, 0.32512810826301575, 0.31999531388282776, 0.7693475484848022, 0.8633975982666016, 12.026215553283691, 14.133028984069824, 0.049726955592632294, 0.8826690912246704, 2.992903709411621, 4.030519962310791, 9.499529838562012, 4.9603590965271, 0.760569155216217, 3.547820568084717, 9.205318450927734, 8.694779396057129, 6.961464881896973, 0.9729939699172974, 6.2823004722595215, 0.17786572873592377, 0.12148923426866531, 0.8945355415344238, 0.006065521854907274, 0.044863950461149216, 12.15660572052002, 6.096428871154785, 0.047341618686914444, 2.4814555644989014, 1.8221049308776855, 0.4412972927093506, 4.463212490081787, 3.5759756565093994, 0.0694626048207283, 0.03882715106010437, 0.03570256382226944, 0.4535491466522217, 0.8210442662239075, 0.011270575225353241, 0.14684732258319855, 0.1284489780664444, 0.07402564585208893, 0.08659069985151291, 1.7377052307128906]}