{"accuracy": [0.3427777886390686, 0.35499998927116394, 0.378888875246048, 0.3655555546283722, 0.4322222173213959, 0.42722222208976746, 0.4122222363948822, 0.4300000071525574, 0.45277777314186096, 0.4399999976158142, 0.4516666531562805, 0.46611112356185913, 0.48444443941116333, 0.4877777695655823, 0.49944445490837097, 0.5027777552604675, 0.5161111354827881, 0.5327777862548828, 0.5172222256660461, 0.5505555272102356, 0.5372222065925598, 0.5649999976158142, 0.5744444727897644, 0.5755555629730225, 0.5838888883590698, 0.5816666483879089, 0.5972222089767456, 0.6083333492279053, 0.629444420337677, 0.6344444155693054, 0.620555579662323, 0.6261110901832581, 0.6338889002799988, 0.6549999713897705, 0.653333306312561, 0.6727777719497681, 0.6677777767181396, 0.6811110973358154, 0.7005555629730225, 0.6888889074325562, 0.7183333039283752, 0.7094444632530212, 0.7183333039283752, 0.7294444441795349, 0.7361111044883728, 0.7411110997200012, 0.7472222447395325, 0.7438889145851135, 0.7633333206176758, 0.772777795791626, 0.7744444608688354, 0.7794444561004639, 0.7755555510520935, 0.7927777767181396, 0.7955555319786072, 0.8005555272102356, 0.8050000071525574, 0.8105555772781372, 0.8105555772781372, 0.8261111378669739, 0.8383333086967468, 0.8327777981758118, 0.8366666436195374, 0.8294444680213928, 0.8500000238418579, 0.8516666889190674, 0.8633333444595337, 0.867222249507904, 0.8661110997200012, 0.8788889050483704, 0.8600000143051147, 0.8711110949516296, 0.8788889050483704, 0.8961111307144165, 0.8872222304344177], "loss": [1.2678190469741821, 1.2418456077575684, 1.189968228340149, 1.176220417022705, 1.1225160360336304, 1.1142090559005737, 1.1092569828033447, 1.1035182476043701, 1.0683521032333374, 1.0685635805130005, 1.0647128820419312, 1.0429282188415527, 1.0268065929412842, 1.013270378112793, 0.9983278512954712, 1.0017833709716797, 0.9851902723312378, 0.9689313173294067, 0.9741958379745483, 0.9336786270141602, 0.9557406902313232, 0.9200904965400696, 0.9139330983161926, 0.9038140177726746, 0.9052619934082031, 0.8896006941795349, 0.8775979280471802, 0.8735001087188721, 0.856793224811554, 0.8402143716812134, 0.8495925664901733, 0.8442530035972595, 0.8334905505180359, 0.8094940781593323, 0.8109947443008423, 0.7760739922523499, 0.7798678278923035, 0.7693367600440979, 0.7435314059257507, 0.7491798400878906, 0.7299914956092834, 0.7199234962463379, 0.7176518440246582, 0.6941738128662109, 0.6887868046760559, 0.6830823421478271, 0.6668116450309753, 0.6611931920051575, 0.6547045707702637, 0.6402638554573059, 0.6284927725791931, 0.6175723075866699, 0.622283399105072, 0.598302960395813, 0.5920625925064087, 0.5814107656478882, 0.5782774090766907, 0.5718494057655334, 0.5569443702697754, 0.5330305099487305, 0.5266740322113037, 0.5271637439727783, 0.5272390246391296, 0.5192853808403015, 0.4987620711326599, 0.49756550788879395, 0.47417858242988586, 0.4674612283706665, 0.46817082166671753, 0.4521857500076294, 0.4613497853279114, 0.44592195749282837, 0.44473975896835327, 0.4168175160884857, 0.41149163246154785], "val_accuracy": [0.31333333253860474, 0.3033333420753479, 0.31333333253860474, 0.30666667222976685, 0.30000001192092896, 0.33666667342185974, 0.3766666650772095, 0.41999998688697815, 0.46000000834465027, 0.47999998927116394, 0.5433333516120911, 0.5183333158493042, 0.4416666626930237, 0.4283333420753479, 0.49666666984558105, 0.5733333230018616, 0.6200000047683716, 0.6000000238418579, 0.6266666650772095, 0.6466666460037231, 0.6366666555404663, 0.6016666889190674, 0.6949999928474426, 0.6233333349227905, 0.6766666769981384, 0.7300000190734863, 0.7133333086967468, 0.7266666889190674, 0.6733333468437195, 0.7099999785423279, 0.6333333253860474, 0.7049999833106995, 0.7400000095367432, 0.721666693687439, 0.7400000095367432, 0.8100000023841858, 0.6916666626930237, 0.7516666650772095, 0.7483333349227905, 0.6516666412353516, 0.8233333230018616, 0.8083333373069763, 0.79666668176651, 0.8233333230018616, 0.8366666436195374, 0.7816666960716248, 0.7233333587646484, 0.8033333420753479, 0.8500000238418579, 0.6416666507720947, 0.7516666650772095, 0.8416666388511658, 0.7450000047683716, 0.8966666460037231, 0.7716666460037231, 0.8433333039283752, 0.8883333206176758, 0.9133333563804626, 0.8349999785423279, 0.8983333110809326, 0.6783333420753479, 0.8849999904632568, 0.9333333373069763, 0.8199999928474426, 0.92166668176651, 0.925000011920929, 0.8849999904632568, 0.67166668176651, 0.8983333110809326, 0.9016666412353516, 0.9316666722297668, 0.903333306312561, 0.7116666436195374, 0.8600000143051147, 0.7149999737739563], "val_loss": [1.114749789237976, 1.125522494316101, 1.1328132152557373, 1.1395686864852905, 1.1504788398742676, 1.1307162046432495, 1.112343192100525, 1.0963305234909058, 1.0496960878372192, 1.0113073587417603, 0.9774180054664612, 0.9905563592910767, 1.0064817667007446, 1.002539038658142, 0.9666990041732788, 0.9297192096710205, 0.9149730205535889, 0.921550989151001, 0.913150429725647, 0.8855995535850525, 0.8728466629981995, 0.8775676488876343, 0.8420706391334534, 0.871120274066925, 0.8348248600959778, 0.812012255191803, 0.8125758171081543, 0.7979040145874023, 0.823136031627655, 0.7904996871948242, 0.8159562945365906, 0.7623080015182495, 0.7421320080757141, 0.767374575138092, 0.7520051002502441, 0.7137850522994995, 0.7265387177467346, 0.698415219783783, 0.6838647723197937, 0.750128984451294, 0.6626315712928772, 0.664145290851593, 0.6341317296028137, 0.6299208998680115, 0.6302986741065979, 0.6482716798782349, 0.6818856000900269, 0.615430474281311, 0.5835312008857727, 0.7629729509353638, 0.6582598686218262, 0.5553838610649109, 0.6471405625343323, 0.5232225060462952, 0.5963108539581299, 0.5555641651153564, 0.5142155885696411, 0.48756155371665955, 0.5170106291770935, 0.49465760588645935, 0.6867402195930481, 0.5074003338813782, 0.4491802453994751, 0.5336721539497375, 0.4200287461280823, 0.4402156472206116, 0.43951329588890076, 0.7036172747612, 0.44094863533973694, 0.4402507543563843, 0.42061087489128113, 0.4210755527019501, 0.6648318767547607, 0.4329930245876312, 0.635211706161499]}